distance,center_row,center_col,decoder_name,shots,decoder_errors,logical_error_rate,actual_logical_flip_rate
3,3,5,tensor_network_contraction,50000,20114,"0.402280","0.490340"
3,3,5,belief_matching,50000,20125,"0.402500","0.490340"
3,3,5,correlated_matching,50000,20971,"0.419420","0.490340"
3,3,5,pymatching,50000,21708,"0.434160","0.490340"
3,5,3,tensor_network_contraction,50000,20652,"0.413040","0.495800"
3,5,3,belief_matching,50000,20796,"0.415920","0.495800"
3,5,3,correlated_matching,50000,21259,"0.425180","0.495800"
3,5,3,pymatching,50000,22159,"0.443180","0.495800"
3,5,7,tensor_network_contraction,50000,19196,"0.383920","0.494560"
3,5,7,belief_matching,50000,19598,"0.391960","0.494560"
3,5,7,correlated_matching,50000,20912,"0.418240","0.494560"
3,5,7,pymatching,50000,21532,"0.430640","0.494560"
3,7,5,belief_matching,50000,19418,"0.388360","0.491540"
3,7,5,tensor_network_contraction,50000,19436,"0.388720","0.491540"
3,7,5,correlated_matching,50000,20648,"0.412960","0.491540"
3,7,5,pymatching,50000,21497,"0.429940","0.491540"
5,5,5,tensor_network_contraction,50000,19775,"0.395500","0.500000"
5,5,5,belief_matching,50000,20074,"0.401480","0.500000"
5,5,5,correlated_matching,50000,21283,"0.425660","0.500000"
5,5,5,pymatching,50000,22551,"0.451020","0.500000"
