physical_fault_rate,fired_bits,weighted_shots,weighted_frequency,weighted_logical_error_rate
1e-05,0,9987291.0,0.998729,0.0
1e-05,1,4553.0,0.000455,0.513508
1e-05,2,8146.0,0.000815,0.0
1e-05,3,3.0,0.0,0.666667
1e-05,4,7.0,1e-06,0.0
5e-05,0,9936420.0,0.993642,0.0
5e-05,1,23093.0,0.002309,0.497337
5e-05,2,40342.0,0.004034,0.000372
5e-05,3,82.0,8e-06,0.512195
5e-05,4,63.0,6e-06,0.0
0.0001,0,9874116.0,0.987412,0.0
0.0001,1,45527.0,0.004553,0.498737
0.0001,2,79783.0,0.007978,0.000627
0.0001,3,336.0,3.4e-05,0.458333
0.0001,4,237.0,2.4e-05,0.0
0.0001,5,1.0,0.0,0.0
0.0005,0,9384073.0,0.938407,0.0
0.0005,1,218895.0,0.02189,0.498385
0.0005,2,383073.0,0.038307,0.003331
0.0005,3,7796.0,0.00078,0.504105
0.0005,4,6019.0,0.000602,0.007642
0.0005,5,100.0,1e-05,0.55
0.0005,6,44.0,4e-06,0.0
0.001,0,8806120.0,0.880612,0.0
0.001,1,413448.0,0.041345,0.500692
0.001,2,727322.0,0.072732,0.006619
0.001,3,29308.0,0.002931,0.493585
0.001,4,22601.0,0.00226,0.013495
0.001,5,815.0,8.2e-05,0.505521
0.001,6,377.0,3.8e-05,0.007958
0.001,7,8.0,1e-06,0.75
0.001,8,1.0,0.0,0.0
0.005,0,5309668.0,0.530967,4e-05
0.005,1,1305850.0,0.130585,0.500431
0.005,2,2388969.0,0.238897,0.033354
0.005,3,485055.0,0.048506,0.49997
0.005,4,404231.0,0.040423,0.061532
0.005,5,66928.0,0.006693,0.500986
0.005,6,33365.0,0.003337,0.08443
0.005,7,4364.0,0.000436,0.492209
0.005,8,1390.0,0.000139,0.117266
0.005,9,151.0,1.5e-05,0.463576
0.005,10,28.0,3e-06,0.178571
0.005,11,1.0,0.0,1.0
0.01,0,2839598.0,0.28396,0.000356
0.01,1,1481014.0,0.148101,0.499851
0.01,2,2858665.0,0.285867,0.067025
0.01,3,1167223.0,0.116722,0.499464
0.01,4,1062616.0,0.106262,0.116805
0.01,5,337536.0,0.033754,0.500314
0.01,6,186818.0,0.018682,0.153497
0.01,7,45937.0,0.004594,0.500076
0.01,8,16663.0,0.001666,0.18346
0.01,9,3088.0,0.000309,0.483484
0.01,10,730.0,7.3e-05,0.206849
0.01,11,93.0,9e-06,0.473118
0.01,12,19.0,2e-06,0.263158
