distance,center_row,center_col,decoder_name,shots,decoder_errors,logical_error_rate,actual_flip_rate
3,3,5,belief_matching,50000,20125,0.4025,0.49034
3,3,5,correlated_matching,50000,20971,0.41942,0.49034
3,3,5,pymatching,50000,21708,0.43416,0.49034
3,3,5,tensor_network_contraction,50000,20114,0.40228,0.49034
3,5,3,belief_matching,50000,20796,0.41592,0.4958
3,5,3,correlated_matching,50000,21259,0.42518,0.4958
3,5,3,pymatching,50000,22159,0.44318,0.4958
3,5,3,tensor_network_contraction,50000,20652,0.41304,0.4958
3,5,7,belief_matching,50000,19598,0.39196,0.49456
3,5,7,correlated_matching,50000,20912,0.41824,0.49456
3,5,7,pymatching,50000,21532,0.43064,0.49456
3,5,7,tensor_network_contraction,50000,19196,0.38392,0.49456
3,7,5,belief_matching,50000,19418,0.38836,0.49154
3,7,5,correlated_matching,50000,20648,0.41296,0.49154
3,7,5,pymatching,50000,21497,0.42994,0.49154
3,7,5,tensor_network_contraction,50000,19436,0.38872,0.49154
5,5,5,belief_matching,50000,20074,0.40148,0.5
5,5,5,correlated_matching,50000,21283,0.42566,0.5
5,5,5,pymatching,50000,22551,0.45102,0.5
5,5,5,tensor_network_contraction,50000,19775,0.3955,0.5
